id,post_id,user_id,rating_percent,rated_at
1,516,1,64,2024-01-11 12:45:41
2,160,1,62,2024-01-11 12:47:15
3,19,1,20,2024-01-11 12:47:28
4,148,1,100,2024-01-11 12:49:35
5,513,1,63,2024-01-11 12:50:58
6,583,1,77,2024-01-11 12:51:32
7,546,1,57,2024-01-15 19:46:18
8,142,5,100,2024-01-16 02:30:59
9,153,1,64,2024-01-16 10:27:42
10,152,1,43,2024-01-16 11:59:56
11,629,1,19,2024-01-16 12:11:14
12,14,1,54,2024-01-16 12:14:50
13,164,1,100,2024-01-16 12:47:44
14,549,1,79,2024-01-16 12:48:05
15,633,1,60,2024-01-16 13:02:49
16,16,1,28,2024-01-16 15:33:08
17,558,1,54,2024-01-16 17:40:14
18,517,1,82,2024-01-16 17:42:51
19,161,1,59,2024-01-16 17:46:17
20,633,18,21,2024-01-16 22:46:54
21,590,18,39,2024-01-16 22:50:18
22,35,18,22,2024-01-26 18:10:01
23,36,18,12,2024-01-26 18:10:08
24,56,18,92,2024-01-29 17:44:10
25,142,1,96,2024-01-30 16:37:05
26,461,1,56,2024-01-31 22:37:18
27,551,1,26,2024-01-31 22:37:27
28,33,1,50,2024-01-31 22:37:42
29,132,18,82,2024-02-10 03:33:17
30,148,152,66,2024-03-10 13:09:10
31,82,18,21,2024-03-12 08:08:37
32,82,5,86,2024-03-18 05:00:16
33,151,1,23,2024-03-22 12:36:50
34,58,18,90,2024-03-26 02:27:17
35,415,167,68,2024-03-26 02:41:17
36,512,167,46,2024-03-26 02:53:58
37,629,9,24,2024-03-29 12:53:09
38,560,5,60,2024-04-02 11:15:51
39,31,5,65,2024-04-02 11:17:12
40,551,9,36,2024-04-02 17:41:02
41,159,9,60,2024-04-02 18:23:12
42,143,9,74,2024-04-02 18:31:53
43,154,9,47,2024-04-02 18:45:08
44,560,9,79,2024-04-03 11:09:52
46,86,9,63,2024-04-03 13:10:14
47,727,9,42,2024-04-03 13:10:55
48,724,9,48,2024-04-03 13:11:50
49,722,9,48,2024-04-03 13:25:32
50,633,9,61,2024-04-03 13:32:03
51,60,1,62,2024-04-03 14:11:23
53,560,1,81,2024-04-03 14:12:01
54,159,1,68,2024-04-03 14:12:23
55,726,19,79,2024-04-03 14:12:46
56,723,19,79,2024-04-03 14:14:50
57,154,5,5,2024-04-03 14:25:36
58,40,5,32,2024-04-03 14:26:09
59,143,5,32,2024-04-03 14:33:32
60,40,1,68,2024-04-03 15:23:03
61,14,5,60,2024-04-03 15:23:19
62,516,5,85,2024-04-03 15:23:19
63,629,5,100,2024-04-03 15:23:19
64,36,5,94,2024-04-03 15:23:24
65,143,1,22,2024-04-03 15:23:25
66,558,5,29,2024-04-03 15:23:28
67,60,5,16,2024-04-03 15:23:28
68,56,5,49,2024-04-03 15:23:28
69,56,1,26,2024-04-03 15:23:38
70,14,9,22,2024-04-03 15:37:55
71,558,9,58,2024-04-03 15:37:58
72,161,9,45,2024-04-03 15:38:47
73,56,9,16,2024-04-03 15:40:08
74,152,9,73,2024-04-03 15:43:41
75,31,9,16,2024-04-03 15:44:35
76,35,9,63,2024-04-03 15:50:55
77,142,9,74,2024-04-03 15:56:26
78,546,9,70,2024-04-03 15:59:08
79,558,18,30,2024-04-03 19:40:12
80,629,18,8,2024-04-03 19:40:13
81,560,18,63,2024-04-03 19:40:18
82,14,18,29,2024-04-03 19:40:20
83,517,18,25,2024-04-03 19:40:38
84,60,18,10,2024-04-03 19:40:57
85,19,18,1,2024-04-03 19:40:58
87,31,18,38,2024-04-03 19:41:01
88,143,170,73,2024-04-03 20:44:35
89,583,9,15,2024-04-04 09:32:44
90,19,9,73,2024-04-04 12:57:24
91,36,9,22,2024-04-04 12:59:46
92,60,9,56,2024-04-04 12:59:51
93,512,9,63,2024-04-04 13:00:05
94,590,9,67,2024-04-04 13:32:29
95,160,9,45,2024-04-04 13:32:31
96,461,9,62,2024-04-04 13:32:33
97,58,9,43,2024-04-04 13:32:35
98,549,9,24,2024-04-04 13:38:29
99,723,9,32,2024-04-04 13:38:31
100,726,9,63,2024-04-04 13:38:36
101,16,9,12,2024-04-04 13:38:40
102,132,9,62,2024-04-04 13:38:41
103,82,9,28,2024-04-04 16:26:48
104,164,9,47,2024-04-04 16:28:07
105,40,9,64,2024-04-04 16:28:16
106,516,9,22,2024-04-04 16:34:23
107,151,9,65,2024-04-04 16:34:26
108,153,9,46,2024-04-04 16:34:30
109,513,9,43,2024-04-04 16:34:33
110,415,9,66,2024-04-04 16:35:23
111,23,9,41,2024-04-04 16:50:37
112,34,9,65,2024-04-04 16:50:39
113,32,9,67,2024-04-04 16:54:24
115,43,9,61,2024-04-04 16:55:06
116,38,9,43,2024-04-04 16:55:10
117,437,1,74,2024-04-04 17:52:00
118,436,1,31,2024-04-04 17:52:02
119,434,1,43,2024-04-04 17:52:04
120,23,1,51,2024-04-04 17:52:38
121,38,1,16,2024-04-04 17:52:43
122,35,1,54,2024-04-04 17:52:57
123,32,1,100,2024-04-04 17:57:16
124,132,1,67,2024-04-04 17:57:31
125,723,1,50,2024-04-04 17:57:34
126,512,1,53,2024-04-04 17:57:42
127,154,1,23,2024-04-04 22:40:32
128,86,1,46,2024-04-04 22:42:43
129,34,1,61,2024-04-04 22:42:54
130,415,1,63,2024-04-04 22:43:00
131,726,1,68,2024-04-04 22:43:13
132,436,18,28,2024-04-05 02:12:14
133,16,18,29,2024-04-05 02:12:23
134,154,18,55,2024-04-05 02:12:25
135,153,18,7,2024-04-05 02:12:28
136,590,1,29,2024-04-05 17:34:42
137,58,1,36,2024-04-05 17:34:49
138,28,1,51,2024-04-05 17:34:55
139,30,1,61,2024-04-05 17:35:01
140,50,1,49,2024-04-05 17:35:03
141,49,1,61,2024-04-05 17:35:07
142,36,47,19,2024-04-05 18:43:18
143,38,47,18,2024-04-05 18:43:20
144,56,47,13,2024-04-05 18:43:59
145,16,47,15,2024-04-05 18:44:00
146,434,9,64,2024-04-09 09:49:12
147,30,9,37,2024-04-09 09:49:19
148,50,9,67,2024-04-09 09:49:25
149,49,9,33,2024-04-09 09:49:44
150,15,9,68,2024-04-09 09:55:48
151,15,47,16,2024-04-10 19:03:33
152,52,9,67,2024-04-12 13:20:06
153,129,9,47,2024-04-12 13:20:08
154,152,5,82,2024-04-13 12:54:51
155,153,5,24,2024-04-13 12:55:54
156,160,5,12,2024-04-13 12:56:08
157,33,5,58,2024-04-13 12:56:11
158,461,5,17,2024-04-13 12:56:17
159,727,5,70,2024-04-13 12:56:22
160,43,5,19,2024-04-13 12:56:24
161,23,5,52,2024-04-13 12:56:30
162,583,5,17,2024-04-13 12:56:33
163,434,5,43,2024-04-13 12:56:35
165,148,5,24,2024-04-13 12:56:45
166,35,5,56,2024-04-15 06:46:14
167,15,18,68,2024-04-16 05:18:22
168,516,18,26,2024-04-16 05:18:24
169,461,18,38,2024-04-16 05:18:29
170,722,18,23,2024-04-16 05:19:18
172,28,18,32,2024-04-16 05:19:32
173,724,5,26,2024-04-16 07:03:50
174,549,5,20,2024-04-16 07:04:06
175,513,5,27,2024-04-16 07:04:07
176,517,5,26,2024-04-16 07:04:22
177,164,5,43,2024-04-16 07:04:45
178,86,5,53,2024-04-16 07:04:47
179,49,5,41,2024-04-16 07:04:50
180,30,5,57,2024-04-16 07:04:54
181,137,9,49,2024-04-16 11:01:42
182,135,9,73,2024-04-16 11:01:45
183,133,9,63,2024-04-16 11:01:48
184,138,9,64,2024-04-16 11:02:10
185,27,9,68,2024-04-16 11:02:11
186,26,9,45,2024-04-16 11:02:13
187,131,9,63,2024-04-16 11:16:52
188,130,9,17,2024-04-16 11:16:52
189,85,9,39,2024-04-16 11:23:19
190,84,9,59,2024-04-16 11:48:08
191,436,9,65,2024-04-16 14:13:01
192,358,9,57,2024-04-16 15:48:32
193,158,9,21,2024-04-16 15:52:05
194,156,9,66,2024-04-16 15:52:08
195,26,1,37,2024-04-16 16:17:52
196,131,1,63,2024-04-16 16:17:54
197,376,9,78,2024-04-16 20:53:46
198,359,9,74,2024-04-16 20:54:15
199,137,1,58,2024-04-17 16:04:51
200,138,1,33,2024-04-17 16:04:52
201,159,19,93,2024-04-17 17:01:53
202,27,1,63,2024-04-17 17:09:51
203,129,1,64,2024-04-17 17:09:53
204,135,1,21,2024-04-17 17:09:55
205,359,1,20,2024-04-17 17:09:57
206,376,1,88,2024-04-17 17:09:59
207,173,1,41,2024-04-17 17:10:00
208,39,1,95,2024-04-17 17:10:03
209,13,1,22,2024-04-17 17:10:04
210,362,1,18,2024-04-17 17:10:06
211,17,1,21,2024-04-17 17:10:12
213,177,1,17,2024-04-17 17:10:19
214,130,1,51,2024-04-17 17:10:24
215,15,1,34,2024-04-17 17:10:28
216,158,1,58,2024-04-17 17:10:30
217,84,1,73,2024-04-17 17:10:35
218,31,1,20,2024-04-17 17:10:37
219,36,1,60,2024-04-17 17:10:47
220,979,9,34,2024-04-17 17:44:46
221,84,18,15,2024-04-17 22:53:55
222,979,18,27,2024-04-17 22:53:55
223,722,5,18,2024-04-18 10:52:29
224,177,5,13,2024-04-18 10:52:57
225,130,5,76,2024-04-18 13:32:42
226,84,5,12,2024-04-18 13:32:45
227,15,5,11,2024-04-18 13:32:48
228,177,18,57,2024-04-18 16:48:20
229,362,18,21,2024-04-18 16:48:22
230,130,18,16,2024-04-18 19:14:56
231,173,18,49,2024-04-18 23:10:00
232,17,18,72,2024-04-18 23:10:15
233,159,190,21,2024-04-19 11:53:11
234,560,190,17,2024-04-19 11:53:23
235,161,190,22,2024-04-19 11:53:36
236,143,190,19,2024-04-19 11:54:22
237,151,190,19,2024-04-19 11:54:34
238,33,190,19,2024-04-19 11:54:50
239,415,190,15,2024-04-19 11:55:11
240,86,190,14,2024-04-19 11:55:13
241,540,190,34,2024-04-19 11:55:25
242,512,190,22,2024-04-19 11:55:42
243,40,190,15,2024-04-19 11:55:52
244,52,190,19,2024-04-19 11:55:53
245,154,190,23,2024-04-19 11:55:55
246,31,190,12,2024-04-19 11:55:56
247,19,190,7,2024-04-19 11:56:57
248,142,190,16,2024-04-19 11:57:12
249,150,190,10,2024-04-19 11:57:27
250,155,190,14,2024-04-19 11:57:29
251,516,190,9,2024-04-19 11:57:35
252,160,190,25,2024-04-19 11:57:59
253,724,190,11,2024-04-19 11:58:04
254,153,190,15,2024-04-19 11:58:18
255,436,190,20,2024-04-19 11:58:51
256,722,190,17,2024-04-19 11:58:53
257,158,190,21,2024-04-19 11:59:54
258,43,190,12,2024-04-19 12:00:18
259,549,190,12,2024-04-19 12:00:37
260,28,190,23,2024-04-19 12:01:35
262,137,190,25,2024-04-19 12:02:10
263,461,190,15,2024-04-19 12:02:20
264,513,190,20,2024-04-19 12:02:33
265,135,190,25,2024-04-19 12:02:43
266,359,190,14,2024-04-19 12:03:02
267,177,190,11,2024-04-19 12:08:08
268,130,190,13,2024-04-19 12:09:19
269,15,190,19,2024-04-19 12:10:49
270,84,190,14,2024-04-19 12:11:04
271,629,190,40,2024-04-19 12:11:06
272,173,190,18,2024-04-19 12:11:53
273,56,190,31,2024-04-19 12:12:14
274,362,190,22,2024-04-19 12:12:27
276,13,190,13,2024-04-19 12:13:34
277,979,190,11,2024-04-19 12:13:39
278,38,190,22,2024-04-19 12:13:42
279,60,190,26,2024-04-19 12:14:02
280,558,190,21,2024-04-19 12:14:14
281,36,190,6,2024-04-19 12:14:43
282,34,18,21,2024-04-21 18:00:28
283,131,18,13,2024-04-21 18:00:28
284,133,18,23,2024-04-21 18:00:40
285,155,18,31,2024-04-23 16:26:28
286,13,18,31,2024-04-23 16:26:51
287,724,18,29,2024-04-23 16:27:27
288,43,18,23,2024-04-23 16:27:38
289,158,18,10,2024-04-23 16:27:41
290,137,18,1,2024-04-23 16:27:42
291,155,9,47,2024-04-23 17:36:46
292,414,9,70,2024-04-23 17:37:07
293,1007,9,73,2024-04-23 17:37:10
294,424,9,63,2024-04-23 17:37:13
295,423,9,66,2024-04-23 17:37:23
296,416,9,46,2024-04-23 17:39:27
297,1006,9,71,2024-04-23 17:46:49
298,426,9,52,2024-04-23 17:46:58
299,159,187,61,2024-04-24 17:18:26
300,560,19,93,2024-04-25 18:05:25
301,13,152,8,2024-04-26 02:28:31
302,362,152,9,2024-04-26 02:28:32
303,161,19,22,2024-04-26 17:11:13
305,1006,152,6,2024-04-28 03:51:27
306,549,152,7,2024-04-28 03:51:33
307,135,152,10,2024-04-28 14:14:00
308,359,152,8,2024-04-28 14:14:02
309,133,152,15,2024-04-28 14:14:05
310,131,152,6,2024-04-28 14:14:06
311,17,152,7,2024-04-28 14:14:08
312,34,152,11,2024-04-28 14:14:09
313,426,152,9,2024-04-28 14:14:12
314,434,152,29,2024-04-28 14:14:17
315,49,152,7,2024-04-28 14:14:17
316,23,152,10,2024-04-28 14:14:20
317,416,152,10,2024-04-28 14:14:21
318,358,152,4,2024-04-28 14:14:23
319,1006,18,69,2024-04-28 21:38:14
320,359,18,38,2024-04-28 21:38:21
321,135,18,52,2024-04-28 21:38:26
322,39,18,17,2024-04-28 21:39:41
323,723,18,21,2024-04-28 21:39:42
324,49,18,29,2024-04-28 21:39:45
325,52,18,23,2024-04-28 21:39:46
326,723,152,10,2024-04-29 02:25:15
327,129,152,10,2024-04-29 02:25:19
328,424,152,6,2024-04-29 02:25:26
329,138,152,7,2024-04-29 02:25:27
330,13,160,15,2024-04-29 10:27:38
331,50,152,9,2024-04-30 02:16:29
332,27,152,6,2024-04-30 02:16:44
333,32,152,16,2024-04-30 02:16:46
334,156,152,12,2024-04-30 02:16:48
335,85,152,11,2024-05-01 02:30:14
336,152,152,18,2024-05-01 02:30:19
337,726,152,13,2024-05-01 02:30:25
338,130,47,10,2024-05-02 00:42:11
339,173,47,13,2024-05-02 00:42:46
340,1006,47,18,2024-05-02 00:43:58
341,1006,190,16,2024-05-02 00:53:59
342,16,190,19,2024-05-02 00:57:37
343,426,190,22,2024-05-02 00:59:56
344,424,190,39,2024-05-02 01:01:37
345,132,152,10,2024-05-02 14:14:54
346,376,152,30,2024-05-02 14:14:55
347,414,152,10,2024-05-03 02:25:17
348,58,152,15,2024-05-03 02:25:27
349,1007,152,11,2024-05-03 02:25:47
350,437,152,8,2024-05-03 02:27:37
352,83,152,7,2024-05-03 16:32:02
353,1060,152,9,2024-05-03 16:32:03
354,169,152,11,2024-05-03 16:32:04
355,175,1,14,2024-05-03 17:52:32
356,361,1,57,2024-05-03 17:52:34
357,252,1,24,2024-05-03 17:52:36
358,15,19,88,2024-05-05 11:26:16
359,361,152,34,2024-05-05 15:57:42
360,252,152,12,2024-05-06 03:31:35
361,100,152,15,2024-05-07 02:42:46
362,1059,152,13,2024-05-07 02:42:56
363,176,152,12,2024-05-07 02:42:56
364,171,152,7,2024-05-07 02:43:05
365,100,187,35,2024-05-07 09:32:22
367,19,187,80,2024-05-07 09:33:27
368,629,187,99,2024-05-07 09:38:43
369,133,187,37,2024-05-07 09:50:33
370,153,187,30,2024-05-07 09:57:30
371,143,187,25,2024-05-07 10:17:35
372,1006,187,23,2024-05-07 10:18:14
373,173,187,37,2024-05-07 10:22:24
374,84,187,29,2024-05-07 10:43:51
375,176,187,13,2024-05-07 11:14:02
376,169,187,15,2024-05-07 11:28:32
377,83,187,27,2024-05-07 11:28:55
378,1060,187,34,2024-05-07 11:40:09
379,171,187,94,2024-05-07 11:40:32
381,1059,187,25,2024-05-07 11:48:23
382,150,187,37,2024-05-07 11:50:51
383,13,187,17,2024-05-07 11:50:54
384,175,187,37,2024-05-07 11:54:35
385,130,187,99,2024-05-07 11:57:43
386,362,187,71,2024-05-07 12:01:13
387,147,152,8,2024-05-07 16:57:59
388,1063,152,10,2024-05-07 16:58:00
389,163,152,10,2024-05-08 03:01:45
391,469,9,70,2024-05-08 08:56:12
392,143,19,100,2024-05-08 09:31:58
393,546,187,27,2024-05-09 09:22:46
394,548,9,54,2024-05-09 11:43:50
395,638,9,58,2024-05-09 11:45:49
396,638,152,7,2024-05-09 14:46:27
397,627,9,46,2024-05-09 19:12:31
398,43,187,34,2024-05-10 07:23:26
399,627,152,8,2024-05-11 02:56:20
400,83,167,23,2024-05-11 07:39:16
402,175,167,20,2024-05-11 07:39:22
403,171,167,16,2024-05-11 07:39:31
404,163,167,8,2024-05-11 07:39:31
405,1063,167,12,2024-05-11 07:39:34
406,979,167,14,2024-05-11 07:39:43
407,147,167,12,2024-05-11 07:40:04
408,1059,167,8,2024-05-11 07:40:09
409,627,167,8,2024-05-11 07:40:11
410,549,167,10,2024-05-11 07:40:26
411,426,167,8,2024-05-11 07:40:38
412,359,167,9,2024-05-11 07:40:39
413,165,152,12,2024-05-11 13:17:16
414,1057,152,5,2024-05-11 13:17:19
415,363,152,16,2024-05-11 13:17:37
416,247,152,9,2024-05-11 13:17:45
417,213,1,52,2024-05-11 15:25:23
418,378,1,28,2024-05-11 15:25:24
419,377,1,43,2024-05-11 15:27:25
420,378,152,15,2024-05-12 16:13:14
421,377,152,32,2024-05-13 03:03:55
422,633,187,48,2024-05-13 17:54:17
423,414,187,72,2024-05-13 18:06:47
424,34,187,16,2024-05-13 18:07:02
425,560,187,17,2024-05-13 18:12:41
426,49,187,32,2024-05-13 18:12:44
427,1007,187,19,2024-05-13 18:13:35
428,426,187,47,2024-05-13 18:28:24
429,516,187,9,2024-05-13 18:33:17
430,56,187,21,2024-05-13 18:33:32
431,151,192,20,2024-05-14 05:10:37
432,979,192,23,2024-05-14 05:10:40
433,213,192,15,2024-05-14 05:10:41
434,1057,192,20,2024-05-14 05:12:11
435,647,9,73,2024-05-14 10:32:28
436,658,9,15,2024-05-14 10:32:30
437,163,148,13,2024-05-15 16:50:00
439,1060,1,61,2024-05-15 18:11:45
440,548,1,89,2024-05-15 18:12:03
441,647,1,53,2024-05-15 18:12:04
442,31,187,19,2024-05-17 11:11:59
443,16,187,99,2024-05-17 11:12:01
444,47,187,16,2024-05-17 11:16:33
445,160,187,6,2024-05-17 11:16:39
446,558,187,100,2024-05-17 11:26:54
447,359,187,99,2024-05-17 17:34:22
448,165,187,33,2024-05-17 17:45:50
449,33,187,62,2024-05-17 17:48:09
450,132,187,26,2024-05-17 17:48:47
451,213,187,99,2024-05-17 17:49:55
452,423,187,25,2024-05-17 18:00:39
453,151,187,27,2024-05-17 18:14:23
454,137,187,24,2024-05-17 18:21:21
455,647,152,11,2024-05-18 10:01:26
456,658,152,6,2024-05-18 10:01:27
457,47,152,30,2024-05-20 07:36:23
458,163,159,9,2024-05-20 08:08:39
460,173,192,15,2024-05-20 11:05:56
461,363,192,7,2024-05-20 11:05:56
462,1006,192,10,2024-05-20 11:05:58
463,247,192,9,2024-05-20 11:06:05
464,362,192,9,2024-05-20 11:06:05
465,436,187,33,2024-05-20 17:04:25
466,17,187,38,2024-05-20 17:04:59
467,154,187,29,2024-05-20 17:05:11
468,375,187,28,2024-05-20 17:29:22
469,164,187,15,2024-05-20 17:50:57
470,548,187,17,2024-05-20 17:51:17
471,841,187,25,2024-05-20 17:51:25
474,837,187,20,2024-05-20 17:51:28
476,517,187,22,2024-05-20 17:51:30
477,30,187,27,2024-05-20 17:51:31
478,767,187,24,2024-05-20 17:51:36
479,779,187,24,2024-05-20 17:51:36
481,785,187,33,2024-05-20 17:51:55
483,782,187,22,2024-05-20 17:51:57
484,781,187,72,2024-05-20 17:51:58
485,780,187,28,2024-05-20 17:51:58
486,770,187,23,2024-05-20 17:52:13
487,772,187,98,2024-05-20 17:52:15
488,771,187,100,2024-05-20 17:52:15
489,627,187,95,2024-05-20 18:01:37
491,363,9,20,2024-05-20 18:10:57
492,942,187,18,2024-05-20 18:12:12
493,163,9,53,2024-05-20 18:12:20
494,171,9,29,2024-05-20 18:13:53
495,247,9,72,2024-05-20 18:13:58
496,173,9,54,2024-05-20 18:15:27
497,155,187,34,2024-05-20 18:15:27
498,513,187,18,2024-05-20 18:15:30
499,85,187,38,2024-05-20 18:15:31
500,361,187,13,2024-05-20 18:15:33
501,658,187,28,2024-05-20 18:15:39
502,437,187,18,2024-05-20 18:15:41
503,129,187,99,2024-05-20 18:15:50
504,138,187,30,2024-05-20 18:15:50
505,52,187,78,2024-05-20 18:18:29
506,461,187,19,2024-05-20 18:18:31
507,723,187,27,2024-05-20 18:18:59
508,434,187,32,2024-05-20 18:19:02
509,424,187,20,2024-05-20 18:19:03
510,512,187,32,2024-05-20 18:19:36
511,83,9,55,2024-05-20 18:19:50
512,47,9,67,2024-05-20 18:20:20
513,837,9,26,2024-05-20 18:20:22
514,1059,9,33,2024-05-20 18:20:24
516,177,187,29,2024-05-20 18:21:40
517,979,187,24,2024-05-20 18:22:30
518,1063,187,36,2024-05-20 18:24:15
519,1057,187,37,2024-05-20 18:24:16
520,363,187,36,2024-05-20 18:24:32
521,163,187,67,2024-05-20 18:24:34
522,540,187,20,2024-05-20 18:27:50
523,131,187,15,2024-05-20 18:27:53
524,135,187,19,2024-05-20 18:27:54
525,415,187,21,2024-05-20 18:32:08
526,40,187,18,2024-05-20 18:32:19
527,148,187,19,2024-05-20 18:32:24
528,161,187,39,2024-05-20 18:32:49
529,35,187,31,2024-05-20 18:32:55
530,58,187,36,2024-05-20 18:33:00
531,26,187,28,2024-05-20 18:34:55
532,469,187,18,2024-05-20 18:34:56
533,590,187,26,2024-05-20 18:35:07
534,142,187,25,2024-05-20 18:42:49
535,82,187,22,2024-05-20 18:42:52
536,727,187,15,2024-05-20 18:42:55
537,551,187,68,2024-05-20 18:42:58
538,158,187,20,2024-05-21 12:12:34
539,782,152,14,2024-05-21 12:54:14
540,837,152,25,2024-05-21 12:54:15
541,767,152,9,2024-05-21 12:54:16
543,779,152,5,2024-05-21 12:54:19
544,13,9,52,2024-05-21 13:49:48
545,176,9,54,2024-05-21 14:04:51
546,169,9,49,2024-05-21 14:05:12
547,362,9,66,2024-05-21 14:05:36
548,147,9,53,2024-05-21 14:06:20
549,767,9,40,2024-05-21 14:06:22
550,782,9,37,2024-05-21 14:06:29
551,375,9,59,2024-05-21 14:09:00
552,36,187,25,2024-05-22 11:15:26
553,38,187,16,2024-05-22 11:15:39
554,549,187,18,2024-05-22 11:17:53
555,377,187,21,2024-05-22 11:33:12
556,247,187,23,2024-05-22 11:40:16
557,638,187,15,2024-05-22 11:45:52
558,722,187,43,2024-05-22 11:57:49
559,416,187,45,2024-05-22 11:57:49
560,942,152,7,2024-05-22 13:27:13
561,781,152,8,2024-05-23 02:00:26
562,780,152,18,2024-05-23 02:00:29
564,772,152,7,2024-05-24 01:54:30
565,156,187,26,2024-05-24 10:53:03
566,209,187,22,2024-05-24 11:07:01
567,23,187,24,2024-05-24 11:10:06
568,27,187,21,2024-05-24 11:18:54
569,252,187,81,2024-05-24 11:27:10
570,39,187,57,2024-05-24 11:27:13
571,50,187,41,2024-05-24 11:27:15
572,376,187,29,2024-05-24 11:33:46
573,726,187,48,2024-05-24 11:44:13
574,209,152,8,2024-05-24 13:56:29
575,785,152,9,2024-05-24 13:56:30
576,771,152,12,2024-05-24 13:56:36
577,375,152,15,2024-05-24 13:56:36
578,861,152,8,2024-05-24 13:56:40
579,849,152,10,2024-05-24 13:56:51
580,848,152,12,2024-05-24 13:57:02
581,847,152,13,2024-05-24 13:57:04
582,845,152,7,2024-05-24 13:57:08
583,844,152,10,2024-05-24 13:57:12
584,842,152,12,2024-05-24 13:57:20
585,838,152,9,2024-05-24 13:57:21
586,834,152,9,2024-05-24 13:57:23
587,822,152,8,2024-05-24 13:57:25
588,821,152,10,2024-05-24 13:57:26
590,781,190,25,2024-05-25 02:11:28
591,213,190,15,2024-05-25 02:11:29
592,363,190,21,2024-05-25 02:11:43
593,163,190,29,2024-05-25 02:12:03
594,772,190,28,2024-05-25 02:12:09
595,779,190,26,2024-05-25 02:12:10
596,849,190,41,2024-05-25 02:12:23
597,169,190,59,2024-05-25 02:12:39
598,209,190,58,2024-05-25 02:12:41
599,175,190,52,2024-05-25 02:13:11
600,1063,190,30,2024-05-25 02:13:18
602,100,190,30,2024-05-25 02:13:32
603,176,190,38,2024-05-25 02:13:51
604,785,190,7,2024-05-25 02:15:32
605,1057,190,56,2024-05-25 02:15:36
606,165,190,27,2024-05-25 02:15:54
607,837,190,37,2024-05-25 02:15:55
608,780,190,30,2024-05-25 02:15:58
609,627,190,45,2024-05-25 02:16:00
610,770,190,25,2024-05-25 02:16:02
611,551,5,88,2024-05-25 10:34:57
612,942,47,22,2024-05-25 19:11:14
614,834,47,21,2024-05-25 19:14:04
615,844,47,18,2024-05-25 19:14:05
616,821,47,17,2024-05-25 19:14:06
617,848,47,17,2024-05-25 19:14:08
618,861,47,13,2024-05-25 19:14:09
619,46,5,17,2024-05-26 06:05:12
620,44,5,24,2024-05-26 06:05:13
621,159,234,14,2024-05-28 17:07:20
622,213,152,8,2024-05-29 07:19:27
623,56,152,10,2024-05-29 07:19:31
624,379,9,14,2024-05-29 10:49:36
625,845,9,38,2024-05-29 10:52:07
627,842,9,63,2024-05-29 11:07:35
628,844,9,15,2024-05-29 11:26:47
629,252,9,27,2024-05-29 11:46:37
630,167,9,90,2024-05-29 17:41:43
631,59,9,97,2024-05-29 17:41:48
633,168,9,84,2024-05-29 17:44:13
634,386,9,77,2024-05-29 17:44:28
635,364,9,69,2024-05-29 17:44:29
636,385,9,79,2024-05-29 17:44:31
637,390,9,67,2024-05-29 19:29:17
638,365,9,93,2024-05-29 19:41:16
639,389,9,71,2024-05-29 19:47:04
640,46,1,75,2024-05-29 21:16:17
641,1006,1,35,2024-05-29 21:16:18
642,419,9,22,2024-05-29 21:59:32
643,724,187,24,2024-05-29 22:03:18
644,385,1,53,2024-05-29 22:09:02
645,379,152,5,2024-05-30 00:29:14
646,84,152,17,2024-05-30 00:29:26
647,821,9,44,2024-05-30 17:49:20
648,848,9,56,2024-05-30 17:51:05
649,942,9,48,2024-05-30 17:51:46
650,213,9,60,2024-05-30 17:52:26
651,834,9,61,2024-05-30 17:54:20
652,658,18,18,2024-06-01 04:42:38
653,785,18,87,2024-06-01 04:42:42
655,363,18,21,2024-06-01 04:42:51
656,1059,18,18,2024-06-01 04:42:57
657,177,152,10,2024-06-01 05:47:06
658,159,240,27,2024-06-01 14:30:45
659,560,240,28,2024-06-01 14:30:46
660,416,1,30,2024-06-01 14:38:37
661,161,240,13,2024-06-01 14:47:26
662,143,240,12,2024-06-01 14:47:27
663,29,9,98,2024-06-01 22:16:53
664,383,9,31,2024-06-01 22:17:44
665,422,9,99,2024-06-01 22:19:04
666,151,152,9,2024-06-02 02:51:56
667,848,187,99,2024-06-02 13:03:15
668,419,187,67,2024-06-02 13:42:10
669,845,187,84,2024-06-02 13:43:14
670,838,187,98,2024-06-02 14:05:06
671,379,187,99,2024-06-02 14:08:31
672,861,187,99,2024-06-02 14:08:42
673,844,187,99,2024-06-02 14:09:42
674,822,47,17,2024-06-02 19:13:57
675,847,47,14,2024-06-02 19:14:15
676,177,47,15,2024-06-02 19:14:16
677,658,47,14,2024-06-02 19:14:50
678,979,47,13,2024-06-02 19:14:51
679,1059,47,85,2024-06-02 19:14:52
680,779,47,18,2024-06-02 19:14:58
681,822,243,20,2024-06-03 09:51:16
682,847,243,15,2024-06-03 09:51:24
683,167,187,99,2024-06-03 11:23:52
684,365,187,64,2024-06-03 11:24:10
685,59,187,100,2024-06-03 11:24:23
686,29,187,98,2024-06-03 11:24:31
688,383,187,99,2024-06-03 11:31:33
689,422,187,99,2024-06-03 11:32:37
690,773,187,97,2024-06-03 11:32:51
691,774,187,98,2024-06-03 11:36:38
692,775,187,99,2024-06-03 11:37:07
693,776,187,86,2024-06-03 11:40:40
694,796,187,99,2024-06-03 11:41:35
695,817,187,99,2024-06-03 11:43:36
696,816,187,99,2024-06-03 11:44:49
697,815,187,99,2024-06-03 11:45:56
698,814,187,98,2024-06-03 11:47:13
699,813,187,98,2024-06-03 11:47:52
700,812,187,99,2024-06-03 11:48:28
701,811,187,98,2024-06-03 11:48:42
703,798,187,99,2024-06-03 11:50:46
704,797,187,99,2024-06-03 11:54:26
705,788,187,99,2024-06-03 11:55:03
706,790,187,99,2024-06-03 11:57:04
707,789,187,99,2024-06-03 12:05:38
708,698,187,99,2024-06-03 12:05:50
709,697,187,99,2024-06-03 12:06:38
710,696,187,91,2024-06-03 12:09:32
711,695,187,77,2024-06-03 12:12:20
712,694,187,99,2024-06-03 12:15:36
713,693,187,98,2024-06-03 12:16:14
714,692,187,98,2024-06-03 12:16:20
715,691,187,100,2024-06-03 12:16:46
716,652,187,98,2024-06-03 12:16:52
717,549,243,25,2024-06-03 13:54:38
718,177,243,32,2024-06-03 13:54:39
719,56,243,41,2024-06-03 13:54:44
720,151,243,83,2024-06-03 13:55:09
721,84,243,97,2024-06-03 13:55:15
722,363,243,99,2024-06-03 13:55:20
723,774,9,30,2024-06-04 08:27:30
724,773,9,25,2024-06-04 08:27:36
725,813,9,27,2024-06-04 08:27:37
726,814,9,26,2024-06-04 08:27:39
727,796,9,69,2024-06-04 08:33:43
728,797,9,81,2024-06-04 08:33:44
729,811,9,18,2024-06-04 08:48:56
730,692,9,22,2024-06-04 08:49:00
731,652,9,34,2024-06-04 08:49:17
732,33,9,63,2024-06-04 15:34:38
733,36,152,14,2024-06-04 16:11:27
734,173,5,26,2024-06-06 11:25:36
735,779,5,9,2024-06-06 11:25:44
736,1059,5,22,2024-06-06 11:25:56
737,942,18,74,2024-06-06 16:41:36
738,163,18,31,2024-06-06 16:41:38
739,426,18,65,2024-06-06 16:41:43
740,821,18,63,2024-06-06 16:41:51
741,724,152,8,2024-06-08 08:52:42
742,43,152,8,2024-06-08 08:52:43
743,150,152,11,2024-06-09 02:16:02
744,161,289,18,2024-06-11 06:54:13
745,143,289,17,2024-06-11 06:54:14
746,151,289,24,2024-06-11 06:54:47
747,33,289,25,2024-06-11 06:54:48
748,415,289,22,2024-06-11 06:54:49
749,540,289,21,2024-06-11 06:54:50
750,86,289,25,2024-06-11 06:54:55
751,512,289,31,2024-06-11 06:54:57
752,540,152,14,2024-06-13 02:14:42
753,150,5,16,2024-06-14 06:53:55
754,841,152,16,2024-06-15 08:05:02
755,44,152,7,2024-06-15 08:05:06
756,811,18,19,2024-06-17 09:23:43
757,44,18,26,2024-06-17 09:26:54
758,847,18,86,2024-06-17 09:27:20
759,822,18,42,2024-06-17 09:27:22
760,33,345,10,2024-06-17 16:16:07
761,159,353,18,2024-06-17 16:22:28
762,560,353,14,2024-06-17 16:22:29
763,161,353,13,2024-06-17 16:22:31
764,159,355,14,2024-06-17 16:26:20
765,560,355,21,2024-06-17 16:26:21
766,161,355,21,2024-06-17 16:26:25
767,143,355,25,2024-06-17 16:26:27
768,151,355,25,2024-06-17 16:26:30
769,33,355,25,2024-06-17 16:26:31
770,415,355,27,2024-06-17 16:26:46
771,33,358,24,2024-06-17 16:27:05
772,415,358,22,2024-06-17 16:27:09
773,159,359,11,2024-06-17 16:27:58
774,161,359,8,2024-06-17 16:27:59
775,560,359,13,2024-06-17 16:27:59
776,44,348,21,2024-06-17 16:35:34
777,173,348,21,2024-06-17 16:35:44
778,13,348,21,2024-06-17 16:35:46
779,44,361,18,2024-06-17 16:35:57
780,13,361,10,2024-06-17 16:36:45
781,159,368,84,2024-06-17 16:49:28
782,560,368,35,2024-06-17 16:49:40
783,161,368,19,2024-06-17 16:49:41
784,143,368,19,2024-06-17 16:49:42
785,159,370,16,2024-06-17 16:50:06
786,560,370,72,2024-06-17 16:50:10
787,159,372,19,2024-06-17 16:53:43
788,560,372,20,2024-06-17 16:53:45
789,161,372,17,2024-06-17 16:53:46
790,143,372,18,2024-06-17 16:53:48
791,151,372,14,2024-06-17 16:53:50
792,44,366,9,2024-06-17 17:16:08
793,173,366,10,2024-06-17 17:19:34
794,44,359,13,2024-06-17 18:24:13
795,13,359,8,2024-06-17 18:24:15
796,173,359,8,2024-06-17 18:24:16
797,159,388,20,2024-06-17 19:51:33
798,560,388,18,2024-06-17 19:51:34
799,161,388,79,2024-06-17 19:51:38
800,143,388,16,2024-06-17 19:51:42
801,151,388,15,2024-06-17 19:51:45
802,44,345,3,2024-06-17 20:20:42
803,13,345,2,2024-06-17 20:20:47
804,143,152,11,2024-06-18 01:55:04
806,841,351,22,2024-06-18 05:27:06
807,43,351,17,2024-06-18 05:27:12
808,44,351,14,2024-06-18 05:27:25
809,13,351,74,2024-06-18 05:27:29
810,159,411,26,2024-06-18 06:08:40
811,560,411,17,2024-06-18 06:08:55
812,549,346,19,2024-06-18 07:25:13
813,979,346,19,2024-06-18 07:29:42
814,56,346,30,2024-06-18 07:29:43
815,159,418,14,2024-06-18 07:35:12
816,13,401,16,2024-06-18 07:48:50
817,549,401,21,2024-06-18 07:48:51
818,44,389,12,2024-06-18 07:56:41
819,173,389,18,2024-06-18 07:57:23
820,13,389,22,2024-06-18 07:57:38
821,549,389,10,2024-06-18 08:54:06
822,979,389,8,2024-06-18 08:54:16
823,43,389,13,2024-06-18 08:54:23
824,1059,389,13,2024-06-18 08:54:24
825,150,389,10,2024-06-18 08:54:27
826,177,389,79,2024-06-18 08:54:45
827,658,389,68,2024-06-18 08:54:53
829,1006,389,18,2024-06-18 08:54:56
830,31,389,11,2024-06-18 08:55:14
831,56,389,8,2024-06-18 08:55:18
832,779,389,15,2024-06-18 08:55:32
833,1063,389,18,2024-06-18 08:55:33
834,724,389,20,2024-06-18 08:55:38
835,841,389,12,2024-06-18 08:55:39
836,540,389,18,2024-06-18 08:55:42
837,143,389,17,2024-06-18 08:55:44
838,38,389,8,2024-06-18 08:55:45
839,767,389,21,2024-06-18 08:56:28
841,770,389,22,2024-06-18 08:56:40
842,44,343,16,2024-06-18 08:58:20
843,13,343,15,2024-06-18 08:58:23
844,173,343,18,2024-06-18 08:59:32
845,13,404,20,2024-06-18 09:10:33
846,173,404,18,2024-06-18 09:10:33
847,549,404,11,2024-06-18 09:10:39
848,150,404,19,2024-06-18 09:10:51
849,979,404,14,2024-06-18 09:10:52
850,841,404,21,2024-06-18 09:10:53
851,43,404,16,2024-06-18 09:11:03
852,1059,404,19,2024-06-18 09:11:04
853,779,404,19,2024-06-18 09:11:12
854,56,404,8,2024-06-18 09:11:14
855,31,404,8,2024-06-18 09:11:15
856,1006,404,23,2024-06-18 09:11:22
857,724,404,18,2024-06-18 09:11:24
858,1063,404,16,2024-06-18 09:11:26
859,540,404,20,2024-06-18 09:11:27
861,38,404,15,2024-06-18 09:11:42
862,143,404,14,2024-06-18 09:11:46
863,165,404,16,2024-06-18 09:11:47
864,782,404,18,2024-06-18 09:11:48
865,46,404,21,2024-06-18 09:11:49
866,770,404,14,2024-06-18 09:11:51
868,177,404,16,2024-06-18 09:11:54
869,780,404,9,2024-06-18 09:11:56
870,638,404,18,2024-06-18 09:11:56
871,163,404,18,2024-06-18 09:11:57
872,36,404,8,2024-06-18 09:12:03
874,377,404,16,2024-06-18 09:12:03
875,176,404,14,2024-06-18 09:12:09
876,137,404,17,2024-06-18 09:12:30
877,84,404,14,2024-06-18 09:12:37
878,158,404,16,2024-06-18 09:12:39
879,173,421,8,2024-06-18 11:04:03
880,13,421,13,2024-06-18 11:04:05
881,549,421,11,2024-06-18 11:04:06
882,979,421,12,2024-06-18 11:04:07
883,31,421,3,2024-06-18 11:04:12
884,43,421,11,2024-06-18 11:04:14
885,150,421,11,2024-06-18 11:04:15
886,841,421,15,2024-06-18 11:04:15
887,1059,421,11,2024-06-18 11:04:16
888,56,421,10,2024-06-18 11:04:17
889,1006,421,12,2024-06-18 11:04:17
890,724,421,14,2024-06-18 11:04:18
891,540,421,5,2024-06-18 11:04:20
892,1063,421,9,2024-06-18 11:04:21
893,159,419,23,2024-06-18 11:04:40
894,560,419,23,2024-06-18 11:04:41
895,161,419,19,2024-06-18 11:04:42
896,143,419,46,2024-06-18 11:04:43
897,151,419,24,2024-06-18 11:04:51
898,33,419,38,2024-06-18 11:04:56
899,415,419,25,2024-06-18 11:04:57
900,40,422,11,2024-06-18 11:06:21
901,52,422,17,2024-06-18 11:07:03
902,31,422,20,2024-06-18 11:07:14
903,154,422,35,2024-06-18 11:07:19
904,19,422,12,2024-06-18 11:07:24
905,516,422,30,2024-06-18 11:07:34
906,150,348,20,2024-06-18 11:51:12
907,44,429,13,2024-06-18 14:18:06
908,13,429,16,2024-06-18 14:18:12
909,173,429,12,2024-06-18 14:18:15
910,159,430,21,2024-06-18 14:54:14
911,560,430,19,2024-06-18 14:54:15
912,44,431,5,2024-06-18 15:13:03
913,173,431,5,2024-06-18 15:13:13
914,13,431,6,2024-06-18 15:13:19
915,549,431,8,2024-06-18 15:13:32
916,979,431,11,2024-06-18 15:15:10
917,31,431,8,2024-06-18 15:16:40
918,43,431,9,2024-06-18 15:16:57
919,150,431,13,2024-06-18 15:17:12
920,1063,431,11,2024-06-18 15:17:24
921,1059,431,11,2024-06-18 15:17:25
922,56,431,13,2024-06-18 15:17:27
923,540,431,9,2024-06-18 15:17:29
924,841,431,8,2024-06-18 15:17:30
925,724,431,6,2024-06-18 15:17:55
926,549,352,14,2024-06-18 16:18:07
927,979,352,14,2024-06-18 16:18:17
928,31,352,13,2024-06-18 16:18:42
929,44,360,18,2024-06-18 17:34:01
930,173,360,11,2024-06-18 17:34:02
931,43,360,13,2024-06-18 17:34:14
932,549,360,12,2024-06-18 17:34:32
933,13,360,15,2024-06-18 17:35:20
934,979,360,12,2024-06-18 17:35:20
935,38,421,10,2024-06-18 19:07:37
936,780,421,9,2024-06-18 19:16:18
937,770,421,5,2024-06-18 19:16:19
938,44,385,67,2024-06-19 02:24:55
939,549,385,7,2024-06-19 02:25:00
940,549,397,19,2024-06-19 02:54:33
941,979,397,9,2024-06-19 02:54:43
942,44,397,12,2024-06-19 02:55:15
943,43,397,6,2024-06-19 02:55:17
944,31,397,25,2024-06-19 02:55:18
945,173,397,6,2024-06-19 02:55:37
946,13,397,7,2024-06-19 02:55:42
947,150,397,20,2024-06-19 02:56:45
948,841,397,12,2024-06-19 02:56:50
949,13,430,24,2024-06-19 06:09:29
950,43,430,27,2024-06-19 06:09:49
951,31,430,22,2024-06-19 06:09:56
952,841,430,22,2024-06-19 06:09:57
953,724,430,13,2024-06-19 06:10:07
954,150,430,14,2024-06-19 06:10:07
955,540,430,10,2024-06-19 06:10:09
956,56,430,13,2024-06-19 06:10:13
957,159,444,24,2024-06-19 06:44:18
958,560,444,15,2024-06-19 06:44:22
959,549,430,30,2024-06-19 08:31:10
960,979,430,27,2024-06-19 08:31:10
961,979,407,15,2024-06-19 09:25:43
962,31,407,17,2024-06-19 09:25:45
963,13,407,16,2024-06-19 09:25:48
964,43,407,21,2024-06-19 09:26:00
965,56,407,11,2024-06-19 09:26:04
966,841,407,16,2024-06-19 09:26:05
967,540,407,17,2024-06-19 09:26:06
968,150,407,20,2024-06-19 09:26:07
969,779,430,19,2024-06-19 09:49:45
970,782,422,48,2024-06-19 12:08:58
971,46,422,43,2024-06-19 12:09:04
972,173,432,23,2024-06-19 13:55:46
973,979,432,21,2024-06-19 13:56:11
974,13,432,19,2024-06-19 13:56:19
975,31,432,19,2024-06-19 13:56:28
976,549,432,15,2024-06-19 13:56:37
977,43,432,15,2024-06-19 13:56:39
978,56,432,17,2024-06-19 13:56:59
979,540,432,21,2024-06-19 13:57:02
980,841,432,25,2024-06-19 13:57:09
981,150,432,18,2024-06-19 13:57:17
982,44,454,21,2024-06-19 18:50:21
983,173,454,24,2024-06-19 18:50:26
984,979,454,11,2024-06-19 18:50:41
985,31,454,11,2024-06-19 18:50:59
986,540,400,13,2024-06-20 04:41:30
987,841,400,14,2024-06-20 04:41:30
988,159,465,30,2024-06-20 05:56:39
989,560,465,18,2024-06-20 05:56:40
990,173,465,21,2024-06-20 07:07:12
991,979,465,21,2024-06-20 07:07:17
992,13,465,18,2024-06-20 07:07:22
993,31,465,17,2024-06-20 07:07:28
994,549,465,15,2024-06-20 07:07:29
995,43,465,13,2024-06-20 07:07:30
996,56,465,21,2024-06-20 07:07:49
997,540,465,22,2024-06-20 07:07:50
998,173,468,17,2024-06-20 08:40:31
999,979,468,16,2024-06-20 08:40:34
1000,13,468,27,2024-06-20 08:40:42
1001,31,468,23,2024-06-20 08:40:44
1002,549,468,29,2024-06-20 08:40:46
1003,43,468,23,2024-06-20 08:41:00
1004,56,468,26,2024-06-20 08:41:06
1005,540,468,23,2024-06-20 08:41:07
1006,841,468,24,2024-06-20 08:41:10
1007,150,468,23,2024-06-20 08:41:18
1008,724,468,20,2024-06-20 08:41:24
1009,1063,468,19,2024-06-20 08:41:27
1010,1059,468,20,2024-06-20 08:41:28
1011,159,475,24,2024-06-20 09:04:48
1012,560,475,21,2024-06-20 09:04:49
1013,159,478,28,2024-06-20 09:10:48
1014,560,478,16,2024-06-20 09:10:49
1015,161,478,21,2024-06-20 09:10:50
1016,161,475,31,2024-06-20 09:15:52
1017,143,475,35,2024-06-20 09:15:53
1018,151,475,31,2024-06-20 09:16:17
1019,33,475,36,2024-06-20 09:16:17
1020,415,475,16,2024-06-20 09:16:17
1021,159,487,26,2024-06-20 09:58:25
1022,560,487,19,2024-06-20 09:58:26
1023,161,487,16,2024-06-20 09:58:27
1024,143,487,22,2024-06-20 09:58:28
1025,151,487,14,2024-06-20 09:58:31
1026,33,487,17,2024-06-20 09:58:32
1027,415,487,19,2024-06-20 09:58:33
1028,540,487,18,2024-06-20 09:58:36
1029,86,487,10,2024-06-20 09:58:38
1030,512,487,21,2024-06-20 09:58:39
1031,40,487,18,2024-06-20 09:58:41
1032,52,487,20,2024-06-20 09:58:42
1033,31,487,17,2024-06-20 09:58:44
1034,154,487,14,2024-06-20 09:58:45
1035,19,487,21,2024-06-20 09:58:47
1036,142,487,20,2024-06-20 09:58:48
1037,516,487,19,2024-06-20 09:58:49
1038,150,487,19,2024-06-20 09:58:51
1039,779,487,17,2024-06-20 09:58:52
1040,165,487,23,2024-06-20 09:58:55
